participant_id,firstRandomizedTrial,timestamp,saw_visuals,visual_experiences,visual_description,time_to_emerge_visual,frequency_visual,intensity_visual,duration_visual,location_visual,heard_sounds,auditory_experiences,auditory_description,frequency_auditory,intensity_auditory,duration_auditory,time_to_emerge_auditory,emotional_experience,consciousness_changes,consciousness_description,visual_imagery_vividness,verbal_imagery_vividness
11,verbal,2025-04-16T23:49:15.808Z,True,"[""Distortions (e.g., screen warping or rotating)"",""Simple shapes or patterns (e.g., ball of light, lines, grids, spiderwebs, geometric shapes)"",""Colors other than red and black"",""Complex objects (e.g., animals, faces, buildings)""]","Since the very start I saw different visual patterns that changed quickly. I didn't know if those would classify as hallucinations, so in the beginning I didn't press space for at least 30s, maybe more. The patterns I saw changed quickly in the beginning, then more and more I started seeing rotating patterns, like a tornado, with the color extending out of the screen a little bit. When I blinked my eyes, the hallucination usually became less prominent, or even disappeared. I could also stop the hallucination without having to blink, if so I wished.   I got a little anxious, thinking if it could trigger some mental health problem, some thoughts about that run through my mind. At some point while that was happening, I started seeing contours that resembled contours of a face.   Later I saw some more localized patterns. I think that mostly at the right part of the screen and probably more at the bottom.   At some point my eyes seemed to get a little dry, so I blinked a lot. I had no hallucinations for a bit. Then I tried to get back to having hallucinations. I started having a little more again, but less pronounced. Eventually I saw some other colors other than black and red. I think I saw white, yellow and orange, for the whole screen.  At the very end I started feeling relaxed. I even wondered if my eyes were closing a little bit. Once in a while, when I was a little more alert I opened my eyes a little more. At those times I had a more ""realistic"" (less distorted) view of the screen.  When the white screen came with the message saying it was over, it seemed very bright.",They began to emerge immediately,Frequently,"Clear, vivid, and/or bright","Constant, morphing from one image to the next",In the center,False,"[""Nothing other than white noise""]",,,,,,No feeling about it one way or the other,"[""Became relaxed or sleepy""]","I felt sleepy, a little drowsy. My eyes seemed to be closing, as if I was falling asleep. I had to consciously prevent myself from not falling asleep.",,
7,verbal,2025-04-11T19:56:08.906Z,True,"[""Simple shapes or patterns (e.g., ball of light, lines, grids, spiderwebs, geometric shapes)"",""Colors other than red and black""]",I saw patterns of red diamonds and another time I saw patterns of honeycombs. There were also times when the flickering looked more orange than red or black. I can't remember exactly what they looked like but that is what I remember.,1-2 minutes,Infrequently,"Weak, faint, or insubstantial",1-2 seconds,In the center,False,"[""Nothing other than white noise""]",,,,,,"Somewhat unpleasant, but didn't mind going on","[""No change, fully alert in the here and now""]",I didn't feel a change in state of consciousness,,
10,drawing,2025-04-16T22:59:21.410Z,True,"[""Distortions (e.g., screen warping or rotating)"",""Simple shapes or patterns (e.g., ball of light, lines, grids, spiderwebs, geometric shapes)""]","In the beginning of it I felt very aware that there was a screen, but about a minute or two in the screen almost split in two and then looked almost like a black hole in the middle. That went on for a bit and then later in the experiment I experienced almost a hurricane sensation where the entire room felt like it was spinning and the screen was wrapping around my head and spinning the top portion of the room. During this I also experienced seeing stars, maybe they were just white dots but it looked like I was in a whirl of space with stars all around me. The spinning spiral was tilted towards the right corner of the room, and it spun for the majority of the time that I was in the room. Then, it felt like the screen was moving towards me and the ""hurricane"" spinning was coming closer to my face. ",1-2 minutes,Frequently,Clear and moderately vivid,Persisting several seconds,In the center,False,"[""Nothing other than white noise""]",,,,,,"Somewhat unpleasant, but didn't mind going on","[""Became relaxed or sleepy"",""As if in a dreamlike state""]","I was very aware of where I was the entire time, but it was very easy to feel like I was being ""sucked"" into the screen or that the screen was moving towards me.",,
6,drawing,2025-04-11T19:11:07.102Z,True,"[""Distortions (e.g., screen warping or rotating)""]",I really just saw circles moving. This happened maybe 3-4 times? It was the same distortion each time. A ball of black dots would rotate and it would shift across the screen and then disappear. ,4-5 minutes,Infrequently,"Clear, but not vivid",Persisting several seconds,All over the screen,False,"[""Nothing other than white noise""]",,,,,,"Somewhat unpleasant, but didn't mind going on","[""Became relaxed or sleepy"",""Lost a sense of time""]",I was surprised that 10 minutes had passed. It felt more like 7-8 mins had passed. I got really sleepy -- you'll see that in the eyetracking data at some point I closed my eyes for about 10 seconds.,,
4,drawing,2025-04-11T18:02:35.203Z,True,"[""Distortions (e.g., screen warping or rotating)"",""Simple shapes or patterns (e.g., ball of light, lines, grids, spiderwebs, geometric shapes)"",""Colors other than red and black""]","I mostly just saw distortions, but there were periods of time where I felt like I saw a string of white diamond shapes (a pattern) all connected to eachother.  There were also periods when I would see a flowing wave of red accompanied by a greenish-blue (that also seemed to be flowing).  I also saw spinning.  Sometimes it would be chunky and staticky with the blue/green, but there were also periods where I felt like I saw a smooth circle/ wheel shape spinning.  It reminded me of/ looked a lot like a bicycle wheel (but it didn't definitively look like that).",They began to emerge immediately,Frequently,"Clear, but not vivid",Persisting several seconds,In the center,False,"[""Nothing other than white noise""]",,,,,,"Somewhat unpleasant, but didn't mind going on","[""As if in a dreamlike state"",""Lost a sense of time"",""Lost a sense of space""]",I did feel like I wasn't quite in the room--like I was being immersed somewhere else.  I felt like the screen was coming towards me and I was going inside of it.,,
8,drawing,2025-04-14T17:49:33.508Z,True,"[""Distortions (e.g., screen warping or rotating)"",""Simple shapes or patterns (e.g., ball of light, lines, grids, spiderwebs, geometric shapes)""]","I saw three main things, in three separate sections. The first things I started to see were spiderweb-like lines that were not colored, but were moreso lighter/darker over the red/black flickering. The spider-web lines felt almost like a tunnel based on how they were shaped, like it was the inside view of a cylinder made up of the spider-web lines. It also felt like it was moving in a way where the cylindrical structure of the lines were part of the tunnel that was either coming towards or away from what I was seeing. The second part was the most hallucinations I saw in a short period of time. The screen started growing, and it was still just the red/black flash but the screen felt like it was slowly getting bigger, and there were moments were I was fully immersed into the screen like there was nothing else around it, and the screen didn't stop looking like it was growing until that section of my hallucinations ended. The last part, I saw directional lines that were moving towards the curves they were pointing to. The lines were alternating between left to right and right to left from top to bottom. This one is a bit hard to explain with words but I drew this on the paper, as well as the tunnel spider-web thing. It's also notable that I saw cyan occasionally throughout the whole time in small moments.",1-2 minutes,Frequently,Clear and moderately vivid,Persisting several seconds,All over the screen,False,"[""Nothing other than white noise""]",,,,,,"Somewhat enjoyable, but easy to stop","[""No change, fully alert in the here and now""]",,6.0,5.0
12,drawing,2025-04-17T00:37:56.730Z,True,"[""Distortions (e.g., screen warping or rotating)"",""Simple shapes or patterns (e.g., ball of light, lines, grids, spiderwebs, geometric shapes)"",""Colors other than red and black""]","First I saw a red right tilted vertical short line in the lower right quadrant of the screen, that went on for a little bit. The line was sometimes stable and sometimes flickering. The light from the eye tracker was distracting as that square with the red lights was kind of part of the screen. The square with the square red little lights from the eye tracker was moving with the flickering, up, down, to the sides and towards me. Screen looked sometimes bigger and sometimes smaller. It was overall overwhelming. Then when I blinked I saw black screen with lots of green bubbles. Back on the screen I saw lines now in yellow in the same position as the red one was. Then I saw almost like a wrapping motion of the red light on the side of the screen, where it looked like a firework almost shooting out from the left lower quadrant towards the upper right one. Then this stopped and I saw more red lines, now in upper left quadrant, looking like a double cross, four lines total, all red. The most exciting part was to see the screen more a little towards me and form a red and yellow spiral in the middle of the screen that was almost shooting red and yellow light out of the screen - somewhat like fire again. The yellow residue of faster and faster moving spiral spread across the whole screen. Shortly I saw another cross in the top right and then just the red lines moving up and down the whole screen. These red lines were moving around the screen almost at all times, aside from the sections when I looked at specific shapes, such lines would be mostly vertical, sometimes horizontal, and lesser times diagonal, would move up and down mostly and towards me.",4-5 minutes,Infrequently,Clear and moderately vivid,Persisting several seconds,All over the screen,False,"[""Nothing other than white noise"",""Indistinct, simple sounds (e.g., incoherent voices or whispering, the sea/ocean, jet engines, birds)""]",,,,,,"Somewhat unpleasant, but didn't mind going on","[""Felt transported to another place"",""Lost a sense of time""]","It was not comfortable and I hoped for it to end, but it passed way quicker than I expected - so the sense of time was altered.",,
5,drawing,2025-04-11T18:29:45.476Z,True,"[""Distortions (e.g., screen warping or rotating)"",""Simple shapes or patterns (e.g., ball of light, lines, grids, spiderwebs, geometric shapes)"",""Complex objects (e.g., animals, faces, buildings)""]","I saw a cross that sometimes spun clockwise or counterclockwise. I also saw an ""X"" that stretched bigger and bigger. Sometimes, there were blue and red grids that showed up like a checkerboard. Towards the end, I also kept seeing lips that were grinning and with red lipstick and they kept fading in and out.",4-5 minutes,Frequently,Clear and moderately vivid,Persisting several seconds,In the center,False,"[""Nothing other than white noise""]",,,,,,"Unpleasant, wanted it to stop","[""Became relaxed or sleepy""]","I think I kept almost seeing visual hallucinations, but then I'd lose it because I would pay less attention or zone out.",,
9,drawing,2025-04-14T19:03:42.000Z,True,"[""Distortions (e.g., screen warping or rotating)"",""Simple shapes or patterns (e.g., ball of light, lines, grids, spiderwebs, geometric shapes)""]",Grid like structures of squares. Other times I saw diagonal lines and they would move from left to right. Less frequently I saw circles pulsing (getting bigger and smaller). ,A few seconds,Frequently,"Clear, vivid, and/or bright",Persisting several seconds,In the center,False,"[""Nothing other than white noise""]",,,,,,"Somewhat enjoyable, but easy to stop","[""Lost a sense of time"",""Lost a sense of space""]",It felt like I was sucked in to the flickering screen,,
